rho,V,P,deltaP,Cv,deltaCv
0.001,125000,0.000999958,1.96226e-08,1.50004,8.07215e-06
0.0641053,1949.92,0.0639423,3.22575e-06,1.5001,0.00484136
0.127211,982.623,0.126593,0.000206388,1.49483,0.00684709
0.190316,656.803,0.189208,0.000457624,1.48928,0.00837583
0.253421,493.25,0.251536,0.000763137,1.47733,0.00965717
0.316526,394.912,0.313705,0.0011144,1.46784,0.0107706
0.379632,329.267,0.37607,0.00150554,1.45444,0.0117665
0.442737,282.335,0.438148,0.00193404,1.43867,0.0126687
0.505842,247.113,0.5008,0.00239556,1.4182,0.0134927
0.568947,219.704,0.563688,0.00289093,1.39783,0.0142492
0.632053,197.768,0.627358,0.00341585,1.37382,0.0149464
0.695158,179.815,0.691907,0.00397066,1.34864,0.0155901
0.758263,164.85,0.758589,0.00455483,1.31745,0.0161855
0.821368,152.185,0.829384,0.00517119,1.29067,0.0167347
0.884474,141.327,0.905118,0.00582434,1.26764,0.017247
0.947579,131.915,0.991867,0.00651624,1.264,0.0177261
1.01068,123.679,1.0855,0.00726205,1.26739,0.0181914
1.07379,116.41,1.20625,0.00806662,1.32033,0.018649
1.13689,109.949,1.32847,0.00896386,1.36561,0.0191352
1.2,104.167,1.4888,0.00994459,1.45938,0.0196409
